John Tan,johntan69,2000-06-01,Person
Jane Smith,janelol,2000-02-01,Person
William Lin,williamz,1980-03-10,Staff
Evan O'Reilly,evano,2004-04-15,Student
Sally Jones,sallye,1995-06-19,Staff
Mike Green,mikehank,2010-07-21,Student
Betty Wang,betty,2003-12-25,Student